[
  {
      "source": {
          "id": null,
          "name": "Lifehacker.com"
      },
      "author": "Jake Peterson",
      "title": "These Four New Games Are Coming to Apple Arcade This Month",
      "description": "In terms of value, it’s tough to beat Apple Arcade. The service costs $5 per month following a one-month free trial, or comes as part of an Apple One subscription. Heck, if you bought an Apple device recently, like an iPhone 15, you get three months of Apple …",
      "url": "https://lifehacker.com/these-four-new-games-are-coming-to-apple-arcade-this-mo-1850896428",
      "urlToImage": "https://i.kinja-img.com/image/upload/c_fill,f_auto,fl_progressive,g_center,h_675,pg_1,q_80,w_1200/6c47aa6b2516616722ec1a0a39050523.png",
      "publishedAt": "2023-10-03T20:30:00Z",
      "content": "In terms of value, its tough to beat Apple Arcade. The service costs $5 per month following a one-month free trial, or comes as part of an Apple One subscription. Heck, if you bought an Apple device … [+2089 chars]"
  },
  {
      "source": {
          "id": null,
          "name": "Lifehacker.com"
      },
      "author": "Pranay Parab",
      "title": "Your iPhone Can Now Find Your Apple TV Remote",
      "description": "The Apple TV remote certainly has a sleek design, but that doesn’t always work in its favor. Its design makes the remote susceptible to slipping in tiny nooks and crannies in your couch, and it’s not easy to find once it’s misplaced. Sometimes, it’s easier to…",
      "url": "https://lifehacker.com/your-iphone-can-now-find-your-apple-tv-remote-1850860249",
      "urlToImage": "https://i.kinja-img.com/gawker-media/image/upload/c_fill,f_auto,fl_progressive,g_center,h_675,pg_1,q_80,w_1200/204163c57fbfd7e0b8caac63e0e19bc6.jpg",
      "publishedAt": "2023-09-21T15:00:00Z",
      "content": "The Apple TV remote certainly has a sleek design, but that doesnt always work in its favor. Its design makes the remote susceptible to slipping in tiny nooks and crannies in your couch, and its not e… [+1402 chars]"
  },
  {
      "source": {
          "id": null,
          "name": "Lifehacker.com"
      },
      "author": "Stephen Johnson",
      "title": "You Can Transfer Music Between Spotify and Apple Music",
      "description": "I recently posted about the best music streaming service for different kinds of people, and it made me realize that the reason I stick with Spotify isn’t because it’s the best or I love it so much. It’s because I have a playlist consisting of 1,823 songs I’ve…",
      "url": "https://lifehacker.com/you-can-transfer-music-between-spotify-and-apple-music-1850835932",
      "urlToImage": "https://i.kinja-img.com/gawker-media/image/upload/c_fill,f_auto,fl_progressive,g_center,h_675,pg_1,q_80,w_1200/72c6c3c0f134993ecf745e53e5e41c8f.jpg",
      "publishedAt": "2023-09-14T12:30:00Z",
      "content": "I recently posted about the best music streaming service for different kinds of people, and it made me realize that the reason I stick with Spotify isnt because its the best or I love it so much. Its… [+2330 chars]"
  },
  {
      "source": {
          "id": null,
          "name": "Lifehacker.com"
      },
      "author": "Pranay Parab",
      "title": "The Best New Keyboard Features in iOS 17",
      "description": "Your iPhone’s keyboard just got a lot better, thanks to a handful of updates that just shipped with iOS 17. Apple claims it improved many aspects of the keyboard that tend to be frustrating to use, such as autocorrect (thank goodness) including the ability to…",
      "url": "https://lifehacker.com/the-best-new-keyboard-features-in-ios-17-1850852783",
      "urlToImage": "https://i.kinja-img.com/gawker-media/image/upload/c_fill,f_auto,fl_progressive,g_center,h_675,pg_1,q_80,w_1200/be05c4d875fc4a9e34dbb18236fe1bce.jpg",
      "publishedAt": "2023-09-19T17:30:00Z",
      "content": "Your iPhones keyboard just got a lot better, thanks to a handful of updates that just shipped with iOS 17. Apple claims it improved many aspects of the keyboard that tend to be frustrating to use, su… [+2868 chars]"
  },
  {
      "source": {
          "id": null,
          "name": "Lifehacker.com"
      },
      "author": "Joshua Hawkins",
      "title": "This Belkin 3-In-1 Magsafe Charger for iPhone is 32% Off Right Now",
      "description": "The Belkin 3-in-1 MagSafe Charger is a three-way charging stand that offers wireless charging for Apple devices, including the iPhone, Apple Watch, and certain AirPods. This charging stand typically runs for $150, but its on sale for $102 on Amazon right now—…",
      "url": "https://lifehacker.com/this-belkin-3-in-1-magsafe-charger-for-iphone-is-32-of-1850871665",
      "urlToImage": "https://i.kinja-img.com/gawker-media/image/upload/c_fill,f_auto,fl_progressive,g_center,h_675,pg_1,q_80,w_1200/a55d5c873482dfe145280902fca27e10.png",
      "publishedAt": "2023-09-25T21:00:00Z",
      "content": "The Belkin 3-in-1 MagSafe Charger is a three-way charging stand that offers wireless charging for Apple devices, including the iPhone, Apple Watch, and certain AirPods. This charging stand typically … [+1058 chars]"
  },
  {
      "source": {
          "id": null,
          "name": "Lifehacker.com"
      },
      "author": "Pranay Parab",
      "title": "Why You Should Switch From Google Authenticator to iCloud Keychain",
      "description": "Google Authenticator is an excellent solution for generating one-time passcodes for two-factor authentication. But while the app makes a lot of sense to use for many, if you’re locked into the Apple ecosystem, you’re better off using iCloud Keychain. And that…",
      "url": "https://lifehacker.com/why-you-should-switch-from-google-authenticator-to-iclo-1850891304",
      "urlToImage": "https://i.kinja-img.com/image/upload/c_fill,f_auto,fl_progressive,g_center,h_675,pg_1,q_80,w_1200/85cd6cb5e78341e160714b743aee35e0.jpg",
      "publishedAt": "2023-10-02T14:30:00Z",
      "content": "Google Authenticator is an excellent solution for generating one-time passcodes for two-factor authentication. But while the app makes a lot of sense to use for many, if youre locked into the Apple e… [+3251 chars]"
  },
  {
      "source": {
          "id": null,
          "name": "Lifehacker.com"
      },
      "author": "Jake Peterson",
      "title": "iOS 17 Has Security Risks Already",
      "description": "iOS 17 is a great update for your iPhone. It adds 20+ new ringtones and alert tones for this first time in a decade; lets you set up a full-screen Contact Poster that appears when you call other iPhones; and introduces video voice messages for FaceTime.Read m…",
      "url": "https://lifehacker.com/ios-17-has-security-risks-already-1850861877",
      "urlToImage": "https://i.kinja-img.com/gawker-media/image/upload/c_fill,f_auto,fl_progressive,g_center,h_675,pg_1,q_80,w_1200/17b2b7f4d3f67c495c759c2cd44fef5f.jpg",
      "publishedAt": "2023-09-21T19:30:00Z",
      "content": "iOS 17 is a great update for your iPhone. It adds 20+ new ringtones and alert tones for this first time in a decade; lets you set up a full-screen Contact Poster that appears when you call other iPho… [+2399 chars]"
  },
  {
      "source": {
          "id": null,
          "name": "Lifehacker.com"
      },
      "author": "Pranay Parab",
      "title": "The Most Interesting iPhone 15 Features Most People Missed",
      "description": "Although Apple’s ‘Wonderlust’ event was jam-packed with information about the Apple Watch, iPhone 15 and 15 Pro, and the USB-C AirPods Pro, the company still left out a lot of useful information in the keynote. If you’re wondering what else is worth knowing a…",
      "url": "https://lifehacker.com/the-most-interesting-iphone-15-features-most-people-mis-1850835003",
      "urlToImage": "https://i.kinja-img.com/gawker-media/image/upload/c_fill,f_auto,fl_progressive,g_center,h_675,pg_1,q_80,w_1200/added8281940c9f608b61b4ef8f738d5.jpg",
      "publishedAt": "2023-09-13T22:00:00Z",
      "content": "Although Apples Wonderlust event was jam-packed with information about the Apple Watch, iPhone 15 and 15 Pro, and the USB-C AirPods Pro, the company still left out a lot of useful information in the … [+2410 chars]"
  },
  {
      "source": {
          "id": null,
          "name": "Lifehacker.com"
      },
      "author": "Jake Peterson",
      "title": "There's an iOS 17.1 Already",
      "description": "If it feels like iOS 17 just launched, that’s because it did. Apple released the latest big iPhone update on Monday, September 18, introducing a series of new features and changes we’ve been digging into ever since. However, it’s already time for another upda…",
      "url": "https://lifehacker.com/theres-an-ios-17-1-already-1850882032",
      "urlToImage": "https://i.kinja-img.com/gawker-media/image/upload/c_fill,f_auto,fl_progressive,g_center,h_675,pg_1,q_80,w_1200/bd88d7da02f05ec230d9ecdc2899814a.jpg",
      "publishedAt": "2023-09-28T15:30:00Z",
      "content": "If it feels like iOS 17just launched, thats because it did. Apple released the latest big iPhone update on Monday, September 18, introducing a series of new features and changes weve been digging int… [+4378 chars]"
  },
  {
      "source": {
          "id": null,
          "name": "Lifehacker.com"
      },
      "author": "Khamosh Pathak",
      "title": "The Best Premium Cases for the iPhone 15 and iPhone 15 Pro",
      "description": "Starting this year, Apple will no longer make their signature leather cases for iPhones. Instead, the company launched a fabric-based alternative called FineWoven. These cases still cost $59, and based on reviews, they range from “okay,” to “terrible.” The ne…",
      "url": "https://lifehacker.com/the-best-premium-cases-for-the-iphone-15-and-iphone-15-1850864098",
      "urlToImage": "https://i.kinja-img.com/gawker-media/image/upload/c_fill,f_auto,fl_progressive,g_center,h_675,pg_1,q_80,w_1200/4ecc2607f54eca99354f9e2d613693e4.png",
      "publishedAt": "2023-09-22T14:30:00Z",
      "content": "Starting this year, Apple will no longer make their signature leather cases for iPhones. Instead, the company launched a fabric-based alternative called FineWoven. These cases still cost $59, and bas… [+3205 chars]"
  }
]